label,probability
5,0
15,0.015344025567173958
25,0.014752666465938091
35,0.0652732402086258
45,0.052761878818273544
55,0.20273366570472717
65,0.2146947830915451
75,0.32529789209365845
85,0.10914184898138046
95,0